Workbook

Sheet 📖 Instrucciones
A1: 🌱 Hábitat — Rastreador de Hábitos (Excel / Google Sheets)
A2: Cómo usar esta plantilla
A4: 1) Hoja "✅ Registro": escribe una "x" (o cualquier texto) en la celda del hábito cada día que lo cumplas.
A5: Los contadores de la derecha y los porcentajes se calculan solos.
A6: 2) Cambia el nombre y el color de los hábitos en la fila 1 (cabecera). Borra la columna "➕ Nuevo hábito" si no la usas.
A7: 3) Hoja "📊 Estadísticas": verás totales, % de cumplimiento, racha actual y mejor racha por hábito.
A8: 4) Hoja "🎯 Panel": resumen visual con los indicadores clave.
A9: 5) Hoja "📅 Agenda": calendario del mes actual (se pinta en verde los días con actividad) y una tabla de eventos.
A10: 6) La hoja "⚙️ Aux" está oculta: contiene el cálculo de rachas. No la borres.
A12: 💡 Consejo: abre esta plantilla en Google Sheets con Archivo → Importar o súbela a Drive y ábrela con Sheets.
A13: En la app Hábitat (web/móvil) tienes además XP, niveles, heatmap y recordatorios, con exportación CSV/JSON.
A15: 🔒 Todo se guarda en tu dispositivo. Comparte tu progreso con la exportación JSON.

Sheet ✅ Registro
A1: Fecha | B1: 💧 Beber agua | C1: 📚 Leer | D1: 💪 Ejercicio | E1: 🧘 Meditar | F1: 😴 Dormir 8h | G1: ➕ Nuevo hábito | H1: ✔ Hechos | I1: % del día
A2: 46023.25 | H2: =COUNTA(B2:G2) | I2: =IFERROR(H2/COUNTA($B$1:$G$1),0)
A3: 46024.25 | H3: =COUNTA(B3:G3) | I3: =IFERROR(H3/COUNTA($B$1:$G$1),0)
A4: 46025.25 | H4: =COUNTA(B4:G4) | I4: =IFERROR(H4/COUNTA($B$1:$G$1),0)
A5: 46026.25 | H5: =COUNTA(B5:G5) | I5: =IFERROR(H5/COUNTA($B$1:$G$1),0)
A6: 46027.25 | H6: =COUNTA(B6:G6) | I6: =IFERROR(H6/COUNTA($B$1:$G$1),0)
A7: 46028.25 | H7: =COUNTA(B7:G7) | I7: =IFERROR(H7/COUNTA($B$1:$G$1),0)
A8: 46029.25 | H8: =COUNTA(B8:G8) | I8: =IFERROR(H8/COUNTA($B$1:$G$1),0)
A9: 46030.25 | H9: =COUNTA(B9:G9) | I9: =IFERROR(H9/COUNTA($B$1:$G$1),0)
A10: 46031.25 | H10: =COUNTA(B10:G10) | I10: =IFERROR(H10/COUNTA($B$1:$G$1),0)
A11: 46032.25 | H11: =COUNTA(B11:G11) | I11: =IFERROR(H11/COUNTA($B$1:$G$1),0)
A12: 46033.25 | H12: =COUNTA(B12:G12) | I12: =IFERROR(H12/COUNTA($B$1:$G$1),0)
A13: 46034.25 | H13: =COUNTA(B13:G13) | I13: =IFERROR(H13/COUNTA($B$1:$G$1),0)
... A366: 46387.25 | H366: =COUNTA(B366:G366) | I366: =IFERROR(H366/COUNTA($B$1:$G$1),0)

Sheet ⚙️ Aux
A1: 46023.25
B2: =IF(Registro!B2<>"",0+1,0) | C2: =IF(Registro!C2<>"",0+1,0) | D2: =IF(Registro!D2<>"",0+1,0) | E2: =IF(Registro!E2<>"",0+1,0) | F2: =IF(Registro!F2<>"",0+1,0) | G2: =IF(Registro!G2<>"",0+1,0)
A3: 46024.25 | B3: =IF(Registro!B3<>"",B2+1,0) | C3: =IF(Registro!C3<>"",C2+1,0) | D3: =IF(Registro!D3<>"",D2+1,0) | E3: =IF(Registro!E3<>"",E2+1,0) | F3: =IF(Registro!F3<>"",F2+1,0) | G3: =IF(Registro!G3<>"",G2+1,0)
A4: 46025.25 | B4: =IF(Registro!B4<>"",B3+1,0) | C4: =IF(Registro!C4<>"",C3+1,0) | D4: =IF(Registro!D4<>"",D3+1,0) | E4: =IF(Registro!E4<>"",E3+1,0) | F4: =IF(Registro!F4<>"",F3+1,0) | G4: =IF(Registro!G4<>"",G3+1,0)
A5: 46026.25 | B5: =IF(Registro!B5<>"",B4+1,0) | C5: =IF(Registro!C5<>"",C4+1,0) | D5: =IF(Registro!D5<>"",D4+1,0) | E5: =IF(Registro!E5<>"",E4+1,0) | F5: =IF(Registro!F5<>"",F4+1,0) | G5: =IF(Registro!G5<>"",G4+1,0)
A6: 46027.25 | B6: =IF(Registro!B6<>"",B5+1,0) | C6: =IF(Registro!C6<>"",C5+1,0) | D6: =IF(Registro!D6<>"",D5+1,0) | E6: =IF(Registro!E6<>"",E5+1,0) | F6: =IF(Registro!F6<>"",F5+1,0) | G6: =IF(Registro!G6<>"",G5+1,0)
A7: 46028.25 | B7: =IF(Registro!B7<>"",B6+1,0) | C7: =IF(Registro!C7<>"",C6+1,0) | D7: =IF(Registro!D7<>"",D6+1,0) | E7: =IF(Registro!E7<>"",E6+1,0) | F7: =IF(Registro!F7<>"",F6+1,0) | G7: =IF(Registro!G7<>"",G6+1,0)
A8: 46029.25 | B8: =IF(Registro!B8<>"",B7+1,0) | C8: =IF(Registro!C8<>"",C7+1,0) | D8: =IF(Registro!D8<>"",D7+1,0) | E8: =IF(Registro!E8<>"",E7+1,0) | F8: =IF(Registro!F8<>"",F7+1,0) | G8: =IF(Registro!G8<>"",G7+1,0)
A9: 46030.25 | B9: =IF(Registro!B9<>"",B8+1,0) | C9: =IF(Registro!C9<>"",C8+1,0) | D9: =IF(Registro!D9<>"",D8+1,0) | E9: =IF(Registro!E9<>"",E8+1,0) | F9: =IF(Registro!F9<>"",F8+1,0) | G9: =IF(Registro!G9<>"",G8+1,0)
A10: 46031.25 | B10: =IF(Registro!B10<>"",B9+1,0) | C10: =IF(Registro!C10<>"",C9+1,0) | D10: =IF(Registro!D10<>"",D9+1,0) | E10: =IF(Registro!E10<>"",E9+1,0) | F10: =IF(Registro!F10<>"",F9+1,0) | G10: =IF(Registro!G10<>"",G9+1,0)
A11: 46032.25 | B11: =IF(Registro!B11<>"",B10+1,0) | C11: =IF(Registro!C11<>"",C10+1,0) | D11: =IF(Registro!D11<>"",D10+1,0) | E11: =IF(Registro!E11<>"",E10+1,0) | F11: =IF(Registro!F11<>"",F10+1,0) | G11: =IF(Registro!G11<>"",G10+1,0)
A12: 46033.25 | B12: =IF(Registro!B12<>"",B11+1,0) | C12: =IF(Registro!C12<>"",C11+1,0) | D12: =IF(Registro!D12<>"",D11+1,0) | E12: =IF(Registro!E12<>"",E11+1,0) | F12: =IF(Registro!F12<>"",F11+1,0) | G12: =IF(Registro!G12<>"",G11+1,0)
A13: 46034.25 | B13: =IF(Registro!B13<>"",B12+1,0) | C13: =IF(Registro!C13<>"",C12+1,0) | D13: =IF(Registro!D13<>"",D12+1,0) | E13: =IF(Registro!E13<>"",E12+1,0) | F13: =IF(Registro!F13<>"",F12+1,0) | G13: =IF(Registro!G13<>"",G12+1,0)
A14: 46035.25 | B14: =IF(Registro!B14<>"",B13+1,0) | C14: =IF(Registro!C14<>"",C13+1,0) | D14: =IF(Registro!D14<>"",D13+1,0) | E14: =IF(Registro!E14<>"",E13+1,0) | F14: =IF(Registro!F14<>"",F13+1,0) | G14: =IF(Registro!G14<>"",G13+1,0)
... A366: 46387.25 | B366: =IF(Registro!B366<>"",B365+1,0) | C366: =IF(Registro!C366<>"",C365+1,0) | D366: =IF(Registro!D366<>"",D365+1,0) | E366: =IF(Registro!E366<>"",E365+1,0) | F366: =IF(Registro!F366<>"",F365+1,0) | G366: =IF(Registro!G366<>"",G365+1,0)

Sheet 📊 Estadísticas
A1: Métrica | B1: 💧 Beber agua | C1: 📚 Leer | D1: 💪 Ejercicio | E1: 🧘 Meditar | F1: 😴 Dormir 8h | G1: ➕ Nuevo hábito
A2: Total (año) | B2: ==COUNTA(Registro!B$2:B$366) | C2: ==COUNTA(Registro!C$2:C$366) | D2: ==COUNTA(Registro!D$2:D$366) | E2: ==COUNTA(Registro!E$2:E$366) | F2: ==COUNTA(Registro!F$2:F$366) | G2: ==COUNTA(Registro!G$2:G$366)
A3: Este mes | B3: ==COUNTIFS(Registro!$A$2:$A$366,">="&DATE(YEAR(TODAY()),MONTH(TODAY()),1),Registro!B$2:B$366,"<>") | C3: ==COUNTIFS(Registro!$A$2:$A$366,">="&DATE(YEAR(TODAY()),MONTH(TODAY()),1),Registro!C$2:C$366,"<>") | D3: ==COUNTIFS(Registro!$A$2:$A$366,">="&DATE(YEAR(TODAY()),MONTH(TODAY()),1),Registro!D$2:D$366,"<>") | E3: ==COUNTIFS(Registro!$A$2:$A$366,">="&DATE(YEAR(TODAY()),MONTH(TODAY()),1),Registro!E$2:E$366,"<>") | F3: ==COUNTIFS(Registro!$A$2:$A$366,">="&DATE(YEAR(TODAY()),MONTH(TODAY()),1),Registro!F$2:F$366,"<>") | G3: ==COUNTIFS(Registro!$A$2:$A$366,">="&DATE(YEAR(TODAY()),MONTH(TODAY()),1),Registro!G$2:G$366,"<>")
A4: Últimos 7 días | B4: ==COUNTIFS(Registro!$A$2:$A$366,">="&(TODAY()-6),Registro!B$2:B$366,"<>") | C4: ==COUNTIFS(Registro!$A$2:$A$366,">="&(TODAY()-6),Registro!C$2:C$366,"<>") | D4: ==COUNTIFS(Registro!$A$2:$A$366,">="&(TODAY()-6),Registro!D$2:D$366,"<>") | E4: ==COUNTIFS(Registro!$A$2:$A$366,">="&(TODAY()-6),Registro!E$2:E$366,"<>") | F4: ==COUNTIFS(Registro!$A$2:$A$366,">="&(TODAY()-6),Registro!F$2:F$366,"<>") | G4: ==COUNTIFS(Registro!$A$2:$A$366,">="&(TODAY()-6),Registro!G$2:G$366,"<>")
A5: % cumplimiento | B5: ==IFERROR(B2/(TODAY()-DATE(YEAR(TODAY()),1,1)+1),0) | C5: ==IFERROR(C2/(TODAY()-DATE(YEAR(TODAY()),1,1)+1),0) | D5: ==IFERROR(D2/(TODAY()-DATE(YEAR(TODAY()),1,1)+1),0) | E5: ==IFERROR(E2/(TODAY()-DATE(YEAR(TODAY()),1,1)+1),0) | F5: ==IFERROR(F2/(TODAY()-DATE(YEAR(TODAY()),1,1)+1),0) | G5: ==IFERROR(G2/(TODAY()-DATE(YEAR(TODAY()),1,1)+1),0)
A6: 🔥 Racha actual | B6: ==IFERROR(IF(INDEX(Aux!B:B,MATCH(TODAY(),Aux!$A$2:$A$366,0))>0,INDEX(Aux!B:B,MATCH(TODAY(),Aux!$A$2:$A$366,0)),INDEX(Aux!B:B,MATCH(TODAY(),Aux!$A$2:$A$366,0)-1)),0) | C6: ==IFERROR(IF(INDEX(Aux!C:C,MATCH(TODAY(),Aux!$A$2:$A$366,0))>0,INDEX(Aux!C:C,MATCH(TODAY(),Aux!$A$2:$A$366,0)),INDEX(Aux!C:C,MATCH(TODAY(),Aux!$A$2:$A$366,0)-1)),0) | D6: ==IFERROR(IF(INDEX(Aux!D:D,MATCH(TODAY(),Aux!$A$2:$A$366,0))>0,INDEX(Aux!D:D,MATCH(TODAY(),Aux!$A$2:$A$366,0)),INDEX(Aux!D:D,MATCH(TODAY(),Aux!$A$2:$A$366,0)-1)),0) | E6: ==IFERROR(IF(INDEX(Aux!E:E,MATCH(TODAY(),Aux!$A$2:$A$366,0))>0,INDEX(Aux!E:E,MATCH(TODAY(),Aux!$A$2:$A$366,0)),INDEX(Aux!E:E,MATCH(TODAY(),Aux!$A$2:$A$366,0)-1)),0) | F6: ==IFERROR(IF(INDEX(Aux!F:F,MATCH(TODAY(),Aux!$A$2:$A$366,0))>0,INDEX(Aux!F:F,MATCH(TODAY(),Aux!$A$2:$A$366,0)),INDEX(Aux!F:F,MATCH(TODAY(),Aux!$A$2:$A$366,0)-1)),0) | G6: ==IFERROR(IF(INDEX(Aux!G:G,MATCH(TODAY(),Aux!$A$2:$A$366,0))>0,INDEX(Aux!G:G,MATCH(TODAY(),Aux!$A$2:$A$366,0)),INDEX(Aux!G:G,MATCH(TODAY(),Aux!$A$2:$A$366,0)-1)),0)
A7: 🏆 Mejor racha | B7: ==MAX(Aux!B$2:B$366) | C7: ==MAX(Aux!C$2:C$366) | D7: ==MAX(Aux!D$2:D$366) | E7: ==MAX(Aux!E$2:E$366) | F7: ==MAX(Aux!F$2:F$366) | G7: ==MAX(Aux!G$2:G$366)

Sheet 🎯 Panel
A1: 🎯 Panel de Progreso — 2026
A3: ✅ Hábitos completados hoy | B3: ==IFERROR(VLOOKUP(TODAY(),Registro!$A$2:$H$366,8,0),0)
A5: 📈 % del día | B5: ==IFERROR(VLOOKUP(TODAY(),Registro!$A$2:$I$366,9,0),0)
A7: 🔥 Racha actual (máxima) | B7: ==MAX(Estadísticas!B6:G6)
A9: 🏆 Mejor racha | B9: ==MAX(Estadísticas!B7:G7)
A11: ✔️ Total completados (año) | B11: ==SUM(Estadísticas!B2:G2)
A13: 📆 Días activos | B13: ==COUNTIF(Registro!$H$2:$H$366,">0")
A15: ⭐ Nivel (aprox.) | B15: ==INT(SQRT(B8/10))+1
A17: 📊 Para ver el detalle por hábito consulta la hoja "Estadísticas". La racha se actualiza automáticamente según lo que marques en "Registro".

Sheet 📅 Agenda
A1: 📅 Calendario — Octubre 2026
A2: Lunes | B2: Martes | C2: Miércoles | D2: Jueves | E2: Viernes | F2: Sábado | G2: Domingo
D3: 1 | E3: 2 | F3: 3 | G3: 4
A4: 5 | B4: 6 | C4: 7 | D4: 8 | E4: 9 | F4: 10 | G4: 11
A5: 12 | B5: 13 | C5: 14 | D5: 15 | E5: 16 | F5: 17 | G5: 18
A6: 19 | B6: 20 | C6: 21 | D6: 22 | E6: 23 | F6: 24 | G6: 25
A7: 26 | B7: 27 | C7: 28 | D7: 29 | E7: 30 | F7: 31
A9: 📌 Eventos
A10: Fecha | B10: Hora | C10: Título | D10: Nota
A11: 46310.25 | B11: 09:00 | C11: Revisión semanal
A12: 46315.25 | B12: 18:30 | C12: Entrenamiento
